0,surname=Hoover
1,name=Paul,height=186,age=42,city=Bolzano
2,name=Karen,height=199,age=30
3,name=Lisa,height=186,age=44
4,name=Matthew,height=150
5,name=Paul
6,name=Julie,surname=Hoover,height=188,age=45,city=Bergamo
7,name=Jacqueline,age=37,city=Milano
8,age=37,city=Verona
9,surname=Krause
10,name=Jacqueline,surname=Guzman,age=47,city=Rovereto
11,name=Jeff,city=Verona
12,name=Jeff,surname=Cox,age=47,city=Rovereto
13,name=Jeff,height=174,age=31
14,age=44
15,age=38,city=Verona
16,name=Karen,surname=Hoover,height=160,age=31,city=Brescia
17,height=156
18,name=Jeff,age=35,city=Bergamo
19,name=Karen,surname=Farrell,age=42
20,name=Julie,surname=Boyd,age=30,city=Milano
21,name=Mary
22,name=Matthew,surname=Rodriguez,age=45,city=Milano
23,name=Julie,surname=Cox,city=Rovereto
24,name=Julie,surname=Krause,age=38,city=Bolzano
25,name=Jacqueline,surname=Krause,height=150,age=35
26,height=186,city=Milano
27,name=Jeff,age=42
28,name=Julie,surname=Krause,height=188
29,age=47,city=Bologna
30,surname=Farrell,city=Torino
31,name=Jeff,surname=Cox,age=47
32,age=38,city=Bergamo
33,name=Christopher,height=171,city=Bologna
34,name=Julie,surname=Krause,age=44
35,name=Karen,age=45
36,surname=Cox,city=Bolzano
37,name=Mary,surname=Sanchez,height=150
38,name=Mark,age=34
39,surname=Farrell,height=192,city=Torino
40,surname=Hoover,age=34
41,surname=Rodriguez,city=Rovereto
42,surname=Rodriguez,age=37,city=Torino
43,name=Christopher,height=160
44,name=Karen,age=44,city=Brescia
45,name=Paul,surname=Krause,age=38
46,name=Jeff,surname=Farrell,height=160
47,name=Julie,surname=Rodriguez,city=Torino
48,age=30
49,name=Lisa,height=199,city=Brescia
50,name=Karen,surname=Farrell,city=Bergamo
51,height=160,age=35,city=Bologna
52,name=Matthew,surname=Boyd
53,surname=Hoover,age=31
54,height=156,age=44
55,name=Jeff,height=156,city=Trento
56,name=Lisa,surname=Sanchez,age=45,city=Milano
57,name=Mary,surname=Krause,height=171,age=30
58,height=156,age=38
59,name=Jacqueline,city=Milano
60,surname=Garrett,height=199,age=37
61,age=38
62,height=171,age=38,city=Torino
63,height=188,age=42,city=Trento
64,name=Julie,age=45
65,name=Mark,surname=Farrell,height=161
66,surname=Rodriguez,age=34,city=Brescia
67,name=Lisa,height=188
68,name=Julie,age=47,city=Milano
69,name=Mark,surname=Rodriguez,city=Bergamo
70,name=Mary,city=Torino
71,name=Karen,city=Venezia
72,surname=Sanchez,height=161,age=47
73,height=156
74,surname=Krause,height=174,age=30
75,name=Matthew,age=34,city=Bolzano
76,surname=Garrett,age=37,city=Trento
77,name=Matthew,surname=Krause,height=188,age=30,city=Bolzano
78,name=Jeff,height=199,age=42,city=Rovereto
79,name=Mary,height=160,age=44,city=Bergamo
80,name=Mark,surname=Rodriguez,city=Rovereto
81,name=Mary,surname=Garrett,height=160,city=Venezia
82,name=Matthew,surname=Rodriguez,height=150,age=30,city=Bologna
83,surname=Garrett,age=44
84,name=Jeff,surname=Stanley,age=37
85,name=Lisa,surname=Rodriguez,height=156,age=37,city=Milano
86,height=186,age=47
87,name=Matthew,surname=Farrell,age=45,city=Verona
88,surname=Rodriguez,height=161,age=31,city=Torino
89,name=Matthew,surname=Guzman
90,name=Lisa,age=34
91,name=Paul
92,age=47,city=Verona
93,name=Jacqueline,height=199,city=Verona
94,name=Matthew,surname=Hoover,age=38,city=Verona
95,name=Jeff,height=174
96,height=174,city=Bergamo
97,name=Karen,surname=Stanley,height=199,age=31,city=Trento
98,age=31,city=Rovereto
99,surname=Hoover
100,name=Paul,surname=Rodriguez,age=42,city=Rovereto
101,surname=Guzman
102,surname=Guzman,age=47
103,surname=Krause,age=34
104,name=Mark,age=47
105,surname=Hoover,age=47
106,name=Christopher
107,surname=Guzman,city=Torino
108,height=186,age=37,city=Trento
109,name=Paul,surname=Boyd,age=34,city=Bergamo
110,age=44
111,name=Matthew,age=37,city=Bolzano
112,name=Christopher,age=37
113,age=47,city=Venezia
114,name=Jacqueline,surname=Guzman,city=Bergamo
115,name=Matthew,height=199
116,name=Christopher,age=38,city=Milano
117,surname=Garrett,age=45
118,surname=Sanchez,city=Milano
119,height=161,age=37,city=Milano
120,surname=Sanchez,age=31,city=Brescia
121,name=Mary,height=161,city=Milano
122,height=161,age=47
123,surname=Rodriguez,height=160
124,surname=Stanley,age=38
125,city=Brescia
126,name=Christopher
127,name=Mary,age=47,city=Brescia
128,age=31
129,name=Paul,surname=Rodriguez
130,age=47
131,city=Bergamo
132,city=Milano
133,name=Paul
134,height=192,age=30,city=Bologna
135,name=Jeff,age=42
136,name=Mark,age=31
137,name=Jeff,age=37,city=Verona
138,height=188,age=30,city=Rovereto
139,name=Karen,height=171,city=Brescia
140,name=Jeff,height=174
141,name=Karen,surname=Cox,height=160,age=31,city=Bologna
142,surname=Farrell,city=Bolzano
143,name=Mark,surname=Garrett,height=171,age=30,city=Torino
144,height=199,age=31
145,surname=Guzman,age=35
146,name=Jeff,surname=Farrell,age=30
147,city=Trento
148,name=Lisa,surname=Stanley,height=199,age=35,city=Bergamo
149,height=161
150,name=Karen,height=188
151,name=Lisa,surname=Krause,age=38
152,name=Christopher,surname=Rodriguez,height=160,age=47
153,name=Mark,surname=Boyd,age=37,city=Milano
154,surname=Rodriguez,height=188,age=30
155,surname=Sanchez,city=Verona
156,height=150,age=47
157,name=Paul,age=47,city=Rovereto
158,surname=Krause
159,name=Matthew,surname=Krause,age=38,city=Trento
160,surname=Krause
161,name=Matthew
162,surname=Sanchez
163,surname=Hoover
164,name=Matthew,surname=Sanchez,height=192,age=38
165,surname=Hoover,city=Bergamo
166,name=Jacqueline,surname=Farrell,age=44,city=Verona
167,age=42,city=Bolzano
168,name=Mary,age=44,city=Milano
169,surname=Stanley,age=38
170,age=44
171,name=Jacqueline,age=30,city=Verona
172,surname=Rodriguez,age=30,city=Trento
173,surname=Hoover,city=Bolzano
174,name=Lisa,height=188,city=Verona
175,city=Venezia
176,name=Lisa,height=188
177,name=Lisa,city=Verona
178,city=Bolzano
179,surname=Sanchez,height=171,city=Verona
180,city=Verona
181,name=Matthew,height=186,age=30,city=Venezia
182,surname=Farrell
183,city=Trento
184,name=Mary,age=45
185,name=Lisa,age=31,city=Bolzano
186,height=188,age=45,city=Bologna
187,name=Julie,surname=Hoover,age=37,city=Rovereto
188,surname=Cox,age=37,city=Milano
189,name=Matthew,surname=Farrell,height=174,age=44,city=Venezia
190,height=186
191,surname=Krause
192,age=45,city=Venezia
193,name=Lisa,surname=Boyd,height=199,city=Milano
194,name=Karen,surname=Cox,height=161,age=45,city=Bologna
195,name=Christopher,age=37
196,surname=Guzman,city=Rovereto
197,name=Jeff,age=45
198,name=Jeff,height=188,city=Bergamo
199,name=Mark,surname=Hoover,height=161,age=35
200,name=Jeff,surname=Hoover,height=174,age=34,city=Verona
201,name=Mary,surname=Cox,height=186,age=31,city=Bergamo
202,name=Karen,surname=Rodriguez,city=Bologna
203,height=174,age=30
204,name=Paul,city=Milano
205,city=Torino
206,name=Mark,surname=Garrett,age=45,city=Trento
207,name=Paul,surname=Sanchez,age=31
208,name=Julie
209,surname=Krause
210,surname=Cox
211,name=Paul,city=Rovereto
212,height=186,age=45,city=Bologna
213,name=Christopher,surname=Sanchez,age=34
214,surname=Sanchez,age=30
215,height=156
216,name=Mary,surname=Guzman,age=45
217,surname=Krause,age=30,city=Verona
218,surname=Cox,age=42
219,name=Karen,age=37,city=Bolzano
220,name=Mary,surname=Rodriguez,height=161,age=45
221,name=Karen,surname=Boyd,city=Trento
222,surname=Boyd
223,name=Jacqueline,surname=Boyd,age=42
224,surname=Rodriguez,city=Bolzano
225,surname=Garrett,height=188,age=47,city=Rovereto
226,name=Karen,height=156,age=34
227,name=Julie,height=186
228,name=Mark,surname=Boyd
229,surname=Boyd,height=156,age=47,city=Bolzano
230,name=Julie,age=31,city=Milano
231,height=199,age=42
232,height=199,age=37,city=Milano
233,name=Christopher,surname=Guzman,age=30,city=Venezia
234,name=Jacqueline,city=Venezia
235,name=Jeff,age=31,city=Venezia
236,age=37,city=Bolzano
237,name=Paul,surname=Farrell,height=160,age=30,city=Venezia
238,age=34
239,name=Jacqueline
240,name=Julie,surname=Cox
241,height=188
242,name=Lisa,surname=Cox
243,name=Mary,age=31,city=Rovereto
244,name=Mary,surname=Boyd,height=171
245,surname=Garrett,city=Rovereto
246,name=Karen,surname=Stanley,height=174,age=35,city=Brescia
247,name=Matthew
248,city=Rovereto
249,name=Mark,height=188,age=37
250,surname=Stanley,height=188
251,city=Verona
252,name=Jacqueline,surname=Krause,height=199,city=Venezia
253,city=Venezia
254,surname=Farrell,age=44
255,name=Paul
256,height=174,age=30,city=Bologna
257,age=34
258,name=Paul,surname=Garrett,city=Brescia
259,name=Matthew,surname=Rodriguez,age=45,city=Trento
260,age=30,city=Bolzano
261,surname=Sanchez
262,name=Mary,surname=Boyd,age=34,city=Bolzano
263,name=Jeff,surname=Rodriguez
264,surname=Krause
265,name=Mary,height=161,age=47,city=Bergamo
266,name=Karen,city=Bergamo
267,name=Lisa,age=42,city=Bergamo
268,surname=Cox
269,name=Christopher,age=38
270,surname=Sanchez
271,name=Jeff,surname=Cox
272,surname=Cox,height=188,city=Verona
273,surname=Hoover,height=188,city=Verona
274,surname=Krause,age=47,city=Torino
275,surname=Sanchez,city=Bologna
276,surname=Sanchez,height=186,age=45,city=Rovereto
277,surname=Cox
278,name=Jeff,surname=Krause,age=37
279,name=Julie,city=Trento
280,surname=Sanchez,city=Bologna
281,name=Christopher,surname=Stanley,height=199,age=42
282,name=Matthew,surname=Boyd
283,surname=Garrett,age=31
284,name=Paul,height=160,age=38,city=Bergamo
285,age=42
286,height=199,city=Bologna
287,name=Lisa,surname=Boyd,age=45,city=Verona
288,name=Paul
289,surname=Cox,age=44,city=Bergamo
290,surname=Hoover,age=30,city=Bolzano
291,surname=Farrell,height=156,city=Bolzano
292,surname=Farrell
293,age=44
294,age=42,city=Torino
295,name=Matthew,height=199,age=30
296,name=Julie,age=34,city=Trento
297,age=34,city=Brescia
298,surname=Sanchez,age=34
299,name=Mark,age=44,city=Bologna
300,name=Mary,height=150,city=Bologna
301,name=Paul
302,name=Paul,surname=Farrell,height=171,age=31,city=Venezia
303,name=Julie,surname=Cox,city=Rovereto
304,name=Mark,surname=Sanchez,age=35,city=Bolzano
305,age=42
306,age=44,city=Verona
307,age=42
308,age=31,city=Bolzano
309,surname=Rodriguez,city=Trento
310,name=Paul,age=35,city=Milano
311,age=31,city=Bolzano
312,city=Trento
313,name=Julie,surname=Cox
314,name=Julie,surname=Garrett,height=160,age=30,city=Trento
315,name=Jeff
316,name=Karen,city=Trento
317,surname=Hoover,age=38
318,name=Lisa,height=174
319,name=Matthew,height=199
320,surname=Krause
321,age=38,city=Verona
322,height=186,age=34
323,surname=Cox,height=160,age=30
324,name=Matthew,surname=Stanley,age=34,city=Verona
325,name=Paul,age=38,city=Bologna
326,name=Karen,surname=Stanley,height=174,age=42,city=Brescia
327,name=Mark
328,name=Karen,height=150
329,name=Lisa,city=Trento
330,age=44,city=Brescia
331,name=Julie,height=192,city=Milano
332,name=Karen,surname=Garrett,city=Verona
333,surname=Garrett,city=Trento
334,name=Christopher,height=171,age=38,city=Trento
335,name=Christopher
336,name=Paul,height=156,age=44,city=Trento
337,city=Rovereto
338,age=45
339,height=186
340,name=Paul,height=160,age=37
341,name=Jacqueline,age=31,city=Trento
342,height=156,age=38
343,surname=Guzman,height=160,age=30
344,city=Brescia
345,age=47,city=Bologna
346,name=Jeff,age=35,city=Bolzano
347,name=Paul,surname=Guzman,age=30
348,name=Jeff,surname=Farrell,height=156,age=38,city=Brescia
349,name=Jeff,surname=Krause,height=150,age=31,city=Bolzano
350,city=Torino
351,name=Karen,age=38,city=Venezia
352,surname=Garrett,age=44
353,name=Jacqueline,age=47
354,name=Christopher,surname=Rodriguez,height=156,city=Bologna
355,name=Jeff,surname=Garrett,height=192,age=42
356,city=Brescia
357,name=Christopher
358,height=161,age=45
359,height=186
360,name=Karen
361,surname=Sanchez,age=38
362,city=Venezia
363,surname=Guzman,city=Brescia
364,name=Jacqueline,age=31
365,name=Lisa,height=161,age=35,city=Torino
366,surname=Garrett,age=44
367,name=Jeff,surname=Garrett,city=Trento
368,surname=Hoover,age=30,city=Trento
369,name=Mary,height=160,age=47
370,name=Mark,surname=Rodriguez,height=156,age=35,city=Bolzano
371,height=171
372,name=Karen,age=44,city=Venezia
373,name=Matthew
374,height=156,age=35
375,age=38
376,height=199,city=Torino
377,name=Matthew,age=44,city=Torino
378,name=Christopher,height=171
379,name=Jeff,surname=Farrell,height=150
380,name=Mary,age=34
381,name=Mary,height=186,city=Trento
382,surname=Stanley,age=45,city=Torino
383,surname=Guzman,age=35
384,name=Karen,city=Torino
385,surname=Sanchez,height=161,city=Torino
386,name=Jeff,height=156,age=44,city=Venezia
387,age=45
388,surname=Garrett,age=42
389,surname=Boyd,height=186,city=Venezia
390,surname=Stanley,height=174
391,name=Matthew,height=192,age=37,city=Bergamo
392,surname=Garrett,height=161,age=44
393,name=Julie,height=171,city=Milano
394,name=Mary,height=160,age=34
395,name=Jeff,surname=Krause,age=31
396,name=Mark,height=192,city=Bologna
397,height=188,age=37
398,name=Julie,surname=Boyd,height=192,age=35,city=Bergamo
399,age=45
