0,surname=Garrett
1,surname=Rich,height=188,age=34
2,name=James,age=36,city=Brescia
3,name=Dawn,surname=Snyder,height=169,age=34,city=Rovereto
4,name=Dawn,age=42
5,surname=Snyder,height=173,city=Trento
6,name=Stephanie
7,height=162,age=41
8,age=31
9,name=Dawn,height=162,city=Rovereto
10,name=Katherine,surname=Snyder,height=157,age=42,city=Bolzano
11,name=Larry,city=Venezia
12,name=Michael
13,name=Stephanie,surname=Lopez,age=41,city=Milano
14,name=Erica,age=39
15,surname=Fox,age=45
16,height=188,age=45,city=Bologna
17,age=44
18,height=173,age=44
19,name=Michael,age=31,city=Brescia
20,name=Dawn,surname=Atkins,age=41,city=Trento
21,surname=Rice,height=152
22,name=John,surname=Rice,height=162,age=41,city=Brescia
23,name=Katherine,surname=Lopez,height=173,age=34,city=Venezia
24,city=Verona
25,name=Katherine,surname=Atkins,height=162,age=45,city=Brescia
26,surname=Fox,age=39
27,age=34,city=Brescia
28,surname=Oneill,age=39,city=Torino
29,height=162,city=Torino
30,city=Verona
31,height=161,age=49
32,age=41,city=Bolzano
33,name=John,age=31,city=Trento
34,age=42
35,name=James
36,name=John,city=Bologna
37,age=36
38,city=Bergamo
39,surname=Fox
40,name=James,surname=Oneill,height=150,age=34,city=Milano
41,name=Michael
42,name=Jason,surname=Rice,height=169,city=Milano
43,name=Beth,age=41,city=Brescia
44,name=Katherine,surname=Atkins,city=Trento
45,name=Stephanie,age=49
46,height=173,age=34
47,name=Katherine,surname=Atkins,age=34
48,name=Beth,surname=Fox,age=31,city=Verona
49,surname=Rice,age=31
50,name=Beth,height=150
51,name=Larry,age=34,city=Rovereto
52,age=36,city=Brescia
53,name=Katherine,surname=Snyder,height=150,age=44,city=Venezia
54,surname=Rodgers,age=39,city=Brescia
55,surname=Fox
56,height=169,city=Bologna
57,name=Beth,city=Rovereto
58,name=Erica,city=Torino
59,name=Beth,surname=Garrett
60,name=Dawn,city=Milano
61,name=Katherine,surname=Villanueva
62,age=49
63,name=Jason,city=Venezia
64,age=44,city=Bologna
65,name=Stephanie,surname=Atkins,age=34,city=Rovereto
66,age=41,city=Rovereto
67,height=173
68,name=Jason,surname=Oneill,height=152,city=Trento
69,name=James,height=150
70,height=161
71,name=Larry,city=Venezia
72,name=Katherine,surname=Snyder,height=157,age=39,city=Trento
73,name=Larry,surname=Rodgers,height=182
74,surname=Snyder
75,name=John,surname=Rich,height=169,age=41,city=Venezia
76,name=Michael,age=48
77,surname=Rice,city=Bergamo
78,name=Stephanie,height=173,age=48
79,name=Jason,height=152,city=Torino
80,name=Beth,city=Bolzano
81,name=James,surname=Snyder,height=150,age=49,city=Bergamo
82,name=Dawn,city=Trento
83,name=Dawn,city=Brescia
84,name=James,city=Bergamo
85,name=Katherine,surname=Snyder,height=188,age=39,city=Bergamo
86,name=Beth,surname=Rich,height=169,age=31,city=Milano
87,name=Jason
88,height=169,age=36,city=Bologna
89,name=Jason,age=31
90,surname=Oneill,age=48,city=Bolzano
91,age=34
92,name=Michael,age=44,city=Torino
93,name=John,age=42,city=Rovereto
94,surname=Garrett,age=45
95,name=Michael,surname=Rice,age=31,city=Brescia
96,name=James,age=42
97,name=Erica,surname=Villanueva,city=Rovereto
98,height=152,city=Brescia
99,height=173,age=49
100,name=John,height=182,city=Bolzano
101,age=36,city=Torino
102,name=Stephanie
103,name=Dawn,city=Rovereto
104,height=162
105,age=44,city=Trento
106,name=Larry,height=161
107,name=James,surname=Rice,city=Bologna
108,name=Jason,height=182,age=45,city=Torino
109,name=James,age=42,city=Trento
110,surname=Villanueva,height=161,city=Bolzano
111,name=James
112,surname=Fox,age=42
113,name=Dawn,height=169,city=Verona
114,age=31
115,surname=Lopez
116,name=Michael,surname=Atkins
117,surname=Rich,city=Bolzano
118,age=31
119,age=42
120,height=182,age=34,city=Bolzano
121,name=Stephanie,height=157,age=31
122,name=Michael,surname=Garrett,age=31
123,name=Jason,city=Bergamo
124,name=James,surname=Rice,city=Verona
125,age=44,city=Trento
126,surname=Rodgers,height=161
127,name=Stephanie,height=157
128,name=Michael,surname=Villanueva,city=Torino
129,height=161,city=Brescia
130,surname=Rich,age=48,city=Verona
131,name=Michael,age=31
132,name=Dawn,city=Milano
133,height=177,age=49
134,surname=Snyder,city=Rovereto
135,age=31,city=Milano
136,name=Erica,age=39
137,name=Michael,city=Brescia
138,name=Erica,surname=Rich,age=39,city=Verona
139,city=Trento
140,age=42
141,city=Torino
142,height=188
143,name=Katherine,surname=Garrett,age=49,city=Venezia
144,age=44
145,name=John,age=41,city=Bolzano
146,name=Erica,height=157,age=31
147,height=169
148,name=James
149,height=169
150,name=Beth,age=44
151,name=Erica,age=42
152,height=169,age=31,city=Rovereto
153,name=John,height=182
154,name=Beth,surname=Rich
155,name=Beth,age=44,city=Bologna
156,name=Erica
157,age=48,city=Venezia
158,surname=Garrett
159,height=162
160,name=Beth,surname=Garrett,age=41,city=Bologna
161,surname=Rich
162,surname=Oneill,city=Bergamo
163,city=Venezia
164,city=Milano
165,name=Erica,surname=Villanueva,city=Venezia
166,surname=Rice,age=34
167,height=177,age=36,city=Verona
168,name=John,age=45,city=Bolzano
169,surname=Snyder
170,height=177,age=48,city=Trento
171,name=Jason,age=34
172,name=Erica,age=44
173,surname=Snyder,age=44,city=Trento
174,age=34,city=Bergamo
175,surname=Rich,age=39
176,height=177,age=45,city=Verona
177,surname=Atkins,city=Venezia
178,name=James,surname=Garrett,height=162,age=45,city=Bergamo
179,surname=Fox,age=34
180,name=Erica,height=161,age=36
181,name=James,age=49,city=Rovereto
182,name=Dawn
183,name=Stephanie,city=Milano
184,surname=Villanueva,age=44
185,name=John,age=39,city=Trento
186,name=John,surname=Villanueva,city=Trento
187,surname=Atkins,height=182
188,age=45,city=Bolzano
189,name=Jason,surname=Garrett,height=182
190,city=Rovereto
191,name=Larry,surname=Rice,height=173,age=44,city=Bologna
192,name=Jason,age=48
193,name=Beth,surname=Snyder,age=48
194,name=Stephanie
195,name=Stephanie,surname=Snyder,age=31
196,name=Katherine,height=173,city=Trento
197,name=Larry,height=152,city=Venezia
198,name=James,age=34,city=Venezia
199,surname=Oneill,height=182,city=Verona
200,name=John,height=188,city=Bologna
201,name=Erica,surname=Fox,city=Bergamo
202,name=John,city=Verona
203,name=John,age=45,city=Rovereto
204,age=31
205,surname=Villanueva
206,name=James,surname=Fox
207,name=Dawn,age=41,city=Bologna
208,surname=Atkins,age=45,city=Milano
209,name=Michael,surname=Lopez,height=169,city=Trento
210,city=Rovereto
211,surname=Oneill,city=Bologna
212,name=Jason,city=Trento
213,name=Erica,age=45,city=Verona
214,age=48
215,surname=Garrett,age=49
216,surname=Lopez,age=41,city=Trento
217,name=Beth,surname=Garrett,age=34,city=Torino
218,name=James
219,name=Larry,age=41,city=Milano
220,surname=Garrett,age=31,city=Bolzano
221,surname=Rodgers,height=157,age=34
222,name=Dawn
223,name=Larry,surname=Villanueva,height=157,age=48,city=Bologna
224,name=Katherine,height=188,age=36
225,name=Jason,height=157,age=31,city=Bergamo
226,surname=Fox,age=45,city=Bologna
227,name=Katherine,age=41
228,surname=Atkins,height=157,age=41
229,name=Katherine,surname=Rich
230,surname=Garrett,age=31
231,name=Katherine,surname=Rich,height=157,city=Torino
232,name=James,age=36,city=Verona
233,surname=Atkins,age=31,city=Brescia
234,surname=Snyder,age=31
235,name=Stephanie,age=36,city=Verona
236,name=Beth,city=Bergamo
237,age=42
238,name=Erica,height=173,age=44,city=Bologna
239,name=Beth
240,name=Larry,age=31
241,age=44
242,name=Erica,age=31
243,name=John,height=152
244,name=Stephanie,city=Milano
245,height=173,city=Torino
246,name=Stephanie
247,name=Michael,age=45,city=Bologna
248,age=31
249,name=Michael,surname=Villanueva,age=36
250,height=150
251,name=Erica,age=45
252,age=42
253,surname=Atkins
254,name=Stephanie,city=Brescia
255,height=182,city=Venezia
256,height=150,age=42,city=Milano
257,name=James,surname=Garrett,height=157,age=45,city=Bologna
258,height=161,age=42,city=Venezia
259,name=Beth,surname=Garrett
260,name=Jason,surname=Lopez,age=44,city=Milano
261,surname=Oneill,height=169
262,surname=Rodgers,age=42
263,age=49
264,name=John
265,name=Beth,surname=Rich,height=188,age=45,city=Milano
266,name=Erica,age=42
267,height=157,age=34,city=Bergamo
268,name=James
269,name=Dawn,age=36
270,name=John,surname=Villanueva,height=188
271,surname=Rice,city=Bologna
272,name=Dawn,height=150
273,surname=Snyder,city=Verona
274,name=Katherine,city=Bergamo
275,name=Beth,height=162
276,name=Jason,surname=Atkins,height=173
277,name=James,height=177,age=36,city=Trento
278,city=Bolzano
279,surname=Rice,height=177,city=Rovereto
280,surname=Lopez,age=45,city=Torino
281,surname=Rich
282,surname=Oneill,height=177,age=48,city=Milano
283,name=Stephanie,age=44
284,name=Jason,surname=Rodgers,height=152,age=31,city=Brescia
285,name=Jason,surname=Villanueva,height=152
286,name=Jason,surname=Villanueva,city=Bergamo
287,name=Jason,surname=Rodgers,age=44,city=Trento
288,surname=Lopez,age=36,city=Verona
289,name=Erica,surname=Rice,height=182,city=Bolzano
290,name=Katherine,surname=Garrett,height=150
291,name=James,surname=Fox
292,name=Jason,surname=Rice,age=41,city=Venezia
293,name=Dawn,city=Verona
294,age=49,city=Torino
295,name=Larry,height=152,city=Torino
296,name=John,surname=Atkins,city=Bolzano
297,height=188,city=Trento
298,height=182,city=Bologna
299,height=182,city=Brescia
300,name=James,age=42,city=Verona
301,name=Larry,surname=Garrett,age=49
302,name=James,age=34
303,age=39,city=Rovereto
304,name=Michael,height=150,city=Verona
305,name=Larry,surname=Rodgers,height=169,age=41,city=Trento
306,name=Larry,surname=Atkins,age=39
307,name=John,height=188,city=Bergamo
308,name=Erica,height=161
309,name=John
310,name=Stephanie,height=188,age=45
311,age=42,city=Verona
312,name=Jason,city=Brescia
313,name=Larry,height=162,age=49,city=Brescia
314,name=Michael,age=48,city=Bolzano
315,name=James,age=31,city=Bologna
316,name=Beth,age=42
317,name=Katherine,age=39,city=Milano
318,surname=Rice,age=41,city=Rovereto
319,city=Verona
320,height=177
321,surname=Rice,age=31,city=Torino
322,name=Larry,surname=Atkins
323,age=42,city=Milano
324,name=Dawn,surname=Atkins,age=31
325,name=James,height=161,age=34,city=Trento
326,name=Erica,surname=Lopez,height=169,city=Torino
327,surname=Rice,city=Rovereto
328,city=Bologna
329,name=Stephanie,surname=Rice,age=34
330,surname=Oneill,age=34
331,name=Stephanie,surname=Fox,city=Verona
332,name=Larry,surname=Villanueva,height=173,age=31,city=Torino
333,name=Stephanie,surname=Villanueva,city=Bergamo
334,height=188,age=31,city=Bergamo
335,surname=Fox,height=161,city=Rovereto
336,name=James,height=150,city=Bolzano
337,name=Stephanie,surname=Rodgers,age=31
338,name=Erica,surname=Villanueva
339,name=John,surname=Rodgers,age=39,city=Milano
340,name=Stephanie,age=42,city=Bolzano
341,surname=Oneill,city=Milano
342,name=Michael,surname=Rich,city=Milano
343,height=169,city=Brescia
344,name=James,age=34,city=Torino
345,surname=Lopez,age=42
346,height=188,age=48,city=Bergamo
347,name=Jason,surname=Rich,age=41
348,name=Katherine,surname=Snyder,age=48,city=Bergamo
349,height=173
350,age=41
351,surname=Snyder,age=39
352,surname=Garrett,city=Torino
353,name=James
354,name=John,height=161,age=39,city=Trento
355,name=Dawn
356,name=Katherine,surname=Snyder
357,name=Katherine,surname=Atkins,age=41
358,surname=Atkins,height=188,age=48
359,name=Beth,surname=Villanueva,height=182,city=Brescia
360,city=Venezia
361,height=188
362,name=Beth,surname=Lopez,height=173,age=39,city=Torino
363,age=31,city=Verona
364,name=Katherine,height=161
365,name=Katherine,surname=Fox,height=150,city=Torino
366,name=James,surname=Atkins,height=157,age=42,city=Brescia
367,surname=Rodgers,height=150,city=Bergamo
368,name=Beth,height=169,city=Bologna
369,name=Dawn,age=34,city=Venezia
370,name=Katherine,age=41,city=Venezia
371,name=Dawn,height=182,city=Rovereto
372,name=Jason,age=36
373,surname=Fox,age=36,city=Venezia
374,name=Stephanie,surname=Lopez,age=41,city=Rovereto
375,name=Stephanie,surname=Snyder,age=45
376,surname=Snyder,city=Rovereto
377,name=John,age=41
378,name=Stephanie,surname=Villanueva,age=41,city=Milano
379,surname=Fox,age=49
380,surname=Rodgers,height=188,city=Venezia
381,age=49,city=Milano
382,name=Larry,height=152,age=39
383,name=Beth,surname=Atkins,height=161,age=42,city=Milano
384,name=Stephanie
385,name=Michael,age=44
386,surname=Snyder
387,surname=Snyder,height=169,city=Verona
388,city=Torino
389,surname=Lopez,city=Bologna
390,age=39,city=Bologna
391,height=150,city=Venezia
392,name=Michael,surname=Garrett,height=150,city=Bergamo
393,height=161
394,surname=Oneill,age=41,city=Brescia
395,surname=Garrett
396,name=Katherine,age=34
397,name=Stephanie,surname=Atkins,height=173,age=41
398,name=Erica
399,name=Erica,age=48,city=Verona
400,name=Michael,surname=Atkins,age=45,city=Trento
401,name=Larry,surname=Rodgers
402,name=Michael,surname=Rodgers,height=169,age=48,city=Bologna
403,name=Beth,age=45
404,name=Larry,surname=Atkins,city=Brescia
405,name=Jason,surname=Villanueva,height=169,age=49,city=Venezia
406,name=Jason,city=Brescia
407,name=Beth,surname=Rich,height=188,age=45
408,height=173
409,surname=Oneill,height=182,age=36,city=Rovereto
410,age=34
411,age=49,city=Venezia
412,name=Michael,city=Trento
413,age=45
414,name=Michael,city=Bolzano
415,height=182,city=Bologna
416,height=182,city=Bologna
417,surname=Rich,age=34,city=Venezia
418,name=Erica,height=173,age=39
419,age=36,city=Milano
420,name=Michael,surname=Garrett,city=Verona
421,name=Jason,city=Rovereto
422,surname=Rodgers,age=42
423,name=Dawn,surname=Oneill,age=34,city=Verona
424,name=Katherine,age=44
425,surname=Garrett,height=152,city=Milano
426,name=Jason,surname=Garrett,height=173,age=42,city=Brescia
427,name=Katherine,surname=Atkins,height=157
428,age=48,city=Torino
429,city=Brescia
430,name=Michael,surname=Atkins,height=152,age=42,city=Venezia
431,name=Michael,age=44,city=Venezia
432,name=Dawn,surname=Lopez,age=45
433,surname=Lopez
434,name=John,height=188,age=39
435,name=Michael,surname=Atkins,age=31
436,surname=Villanueva,height=188,age=44
437,name=Katherine,surname=Rich
438,surname=Villanueva,age=44,city=Bologna
439,name=Michael,height=150,age=42
440,name=Larry
441,name=Stephanie
442,surname=Snyder
443,name=Larry,age=42
444,name=Katherine,age=44,city=Trento
445,name=Beth,surname=Rice
446,surname=Snyder,city=Venezia
447,name=Erica,city=Milano
448,name=John,surname=Fox,age=31,city=Bergamo
449,name=Jason,surname=Oneill,age=44,city=Milano
450,surname=Rich,age=34
451,name=John,surname=Villanueva,age=49
452,name=Beth,age=41,city=Brescia
453,height=169,city=Bergamo
454,name=Larry,height=150,age=44
455,name=Katherine,city=Rovereto
456,name=James,age=44,city=Bergamo
457,age=42
458,name=James
459,surname=Rich,height=150
460,surname=Atkins,city=Bergamo
461,height=169,age=45
462,age=41
463,name=Erica,surname=Fox,height=152,age=48,city=Venezia
464,surname=Atkins
465,name=James,height=161,age=49
466,surname=Rodgers,city=Verona
467,height=161
468,name=Michael,surname=Rich,height=162
469,city=Bergamo
470,height=150,age=36
471,city=Trento
472,height=161,city=Brescia
473,name=Michael,surname=Rice,height=177,age=41,city=Venezia
474,name=Erica,surname=Fox,height=182,age=41,city=Brescia
475,name=Beth,surname=Atkins,height=188,age=31,city=Torino
476,name=Michael,age=49,city=Rovereto
477,name=Stephanie,age=31
478,name=Jason,surname=Garrett,age=31,city=Torino
479,name=Stephanie,surname=Garrett,age=41
480,name=Larry,surname=Villanueva,age=41
481,name=Stephanie,city=Brescia
482,name=John,age=36
483,name=Jason,age=34,city=Milano
484,name=Stephanie,height=177,city=Rovereto
485,name=Erica,height=161,age=48
486,name=Stephanie,surname=Lopez,height=182,city=Torino
487,surname=Villanueva,age=44
488,name=Stephanie,surname=Rice,age=42,city=Brescia
489,name=James,surname=Garrett,height=161,age=34,city=Verona
490,name=Jason,height=162,age=31,city=Torino
491,age=34
492,name=Dawn,age=41,city=Trento
493,name=Michael,height=173,city=Bolzano
494,name=Jason,height=182
495,surname=Villanueva,height=161,age=48,city=Milano
496,name=John
497,name=Beth,surname=Atkins,height=150,age=48,city=Milano
498,name=Beth,surname=Oneill,city=Milano
499,name=Erica,surname=Rice,age=48,city=Milano
500,name=Dawn,surname=Atkins,age=34
501,name=Beth,height=182,age=42,city=Rovereto
502,surname=Snyder,age=42,city=Brescia
503,name=Beth,age=39
504,city=Venezia
505,age=45
506,height=169,city=Bologna
507,name=Stephanie,age=39
508,name=Beth,surname=Fox,height=162,age=42,city=Torino
509,name=Erica,age=39,city=Trento
510,surname=Snyder,height=152,city=Bolzano
511,city=Trento
512,name=James,surname=Rodgers,height=157,city=Trento
513,name=Katherine,surname=Atkins,city=Venezia
514,age=45
515,surname=Atkins,height=152,age=34,city=Trento
516,name=Dawn,height=188,city=Milano
517,height=188,age=39,city=Bologna
518,surname=Rich,height=152,age=44,city=Milano
519,name=Jason,surname=Rice,city=Torino
520,name=Stephanie,surname=Snyder,age=45,city=Bolzano
521,name=John,surname=Rich,height=177,age=31,city=Venezia
522,name=Erica,surname=Rich,age=34,city=Brescia
523,name=Beth,surname=Oneill,height=150,age=48,city=Rovereto
524,age=39,city=Bolzano
525,name=John,surname=Oneill,height=173,age=34,city=Trento
526,height=152,age=31,city=Milano
527,name=Beth,age=41,city=Trento
528,name=James,surname=Fox,age=49
529,surname=Atkins
530,name=Erica,height=161,age=34,city=Torino
531,surname=Oneill,height=169,city=Brescia
532,name=James,surname=Garrett,age=49,city=Rovereto
533,name=Larry,age=31
534,name=Beth,height=173,age=42
535,name=Larry,surname=Villanueva,age=45,city=Verona
536,name=Jason,surname=Rice,age=44
537,surname=Rich
538,name=Michael
539,name=Beth,surname=Lopez,age=34,city=Bergamo
540,name=Erica,height=150
541,name=Katherine,surname=Fox,age=49
542,name=James,surname=Lopez,height=152,age=48,city=Torino
543,age=31,city=Bergamo
544,city=Verona
545,surname=Rice,age=36
546,name=Katherine,surname=Garrett,height=182
547,name=Jason,surname=Rodgers,height=182,age=36,city=Milano
548,name=Beth,age=44,city=Brescia
549,name=Larry,city=Venezia
550,name=Beth,height=173
551,surname=Lopez,height=150
552,name=Jason,age=34,city=Brescia
553,name=Katherine,age=31,city=Bolzano
554,name=Katherine,height=188,age=41,city=Rovereto
555,height=150,age=44
556,surname=Rich,age=49
557,name=Jason,height=150
558,name=James,age=34,city=Brescia
559,name=Michael,surname=Rice,height=169,city=Bologna
560,name=Michael,age=39,city=Venezia
561,surname=Snyder,age=36,city=Bolzano
562,surname=Fox,height=152,age=34
563,city=Venezia
564,age=49,city=Bologna
565,name=Jason,city=Torino
566,name=Erica,surname=Oneill,height=150,age=44
567,age=42,city=Bergamo
568,age=41,city=Milano
569,name=Erica,height=150,age=42,city=Bolzano
570,city=Bolzano
571,surname=Lopez,height=177,city=Milano
572,surname=Rich,city=Rovereto
573,surname=Garrett,age=31
574,name=John,surname=Snyder,height=173,age=31,city=Rovereto
575,name=Dawn,surname=Rich
576,name=James,height=150,city=Trento
577,name=Stephanie,city=Torino
578,surname=Rich,city=Torino
579,name=Dawn,height=157,age=48
580,name=Dawn
581,name=Michael,height=188,city=Brescia
582,age=49
583,name=Beth,age=45,city=Brescia
584,name=James,height=173
585,surname=Lopez,age=36,city=Rovereto
586,age=49,city=Bologna
587,name=Michael,height=161,age=45,city=Rovereto
588,name=Beth,surname=Lopez
589,name=Dawn,city=Venezia
590,name=Jason,surname=Oneill
591,name=Katherine,surname=Garrett,height=150,age=31,city=Rovereto
592,age=34
593,name=John,height=161,city=Bologna
594,name=Michael,surname=Oneill,city=Venezia
595,name=Larry
596,name=Jason,surname=Rich,age=45
597,name=John,age=41,city=Bergamo
598,name=Katherine,height=173,age=49
599,name=Stephanie,height=162,city=Bolzano
600,name=Erica,surname=Rodgers,height=152,age=41,city=Verona
601,age=45,city=Venezia
602,name=Jason,surname=Rice,height=169,age=34
603,height=157
604,name=James,city=Bergamo
605,name=John,age=42,city=Bologna
606,surname=Oneill,city=Brescia
607,name=Larry
608,age=48,city=Venezia
609,surname=Rodgers,age=44
610,name=Katherine,surname=Fox,city=Venezia
611,surname=Rodgers,height=152,city=Milano
612,age=45,city=Trento
613,surname=Villanueva,height=188
614,name=Larry,height=161,age=41,city=Trento
615,name=John,surname=Lopez,age=34
616,name=Jason,city=Bolzano
617,name=Erica,surname=Garrett,height=161,city=Bolzano
618,age=48,city=Venezia
619,surname=Garrett,height=169
620,surname=Atkins,city=Trento
621,age=42,city=Bergamo
622,name=James,age=45
623,name=Stephanie,surname=Lopez,age=36,city=Rovereto
624,surname=Rice,age=39
625,name=James,age=39
626,surname=Garrett
627,name=Erica,surname=Rich,city=Torino
628,name=Beth
629,surname=Oneill,height=173,age=36,city=Torino
630,name=Katherine,height=173,age=48
631,height=188,age=44
632,name=Erica,surname=Villanueva,height=182,age=48,city=Bolzano
633,city=Bologna
634,age=48
635,surname=Atkins,age=42,city=Verona
636,name=Larry,surname=Rice,age=39,city=Trento
637,height=182,age=48,city=Bolzano
638,name=Larry,height=152
639,surname=Rich,height=152
640,name=Beth,height=162
641,name=John,surname=Garrett,city=Milano
642,name=James,height=169,age=41,city=Bergamo
643,name=Larry,surname=Oneill
644,surname=Garrett,age=45,city=Brescia
645,name=Michael,surname=Rodgers,height=150,age=44,city=Bolzano
646,name=Erica,age=49,city=Bolzano
647,surname=Rich,age=45,city=Brescia
648,name=John,age=31,city=Bologna
649,name=Stephanie,city=Brescia
650,city=Bolzano
651,surname=Snyder,height=173
652,name=Stephanie,age=45,city=Milano
653,age=39
654,surname=Lopez,height=161,city=Milano
655,name=Stephanie,age=39,city=Bergamo
656,city=Verona
657,name=Erica,height=152,age=36,city=Rovereto
658,name=James,age=42,city=Bolzano
659,surname=Rich,city=Trento
660,name=Dawn,surname=Oneill
661,name=Katherine,surname=Rice,age=39
662,name=Michael,surname=Villanueva,height=182,age=48,city=Milano
663,name=Katherine,age=49
664,name=John,surname=Villanueva
665,city=Verona
666,surname=Rodgers,height=162
667,surname=Garrett
668,age=45
669,surname=Rich,city=Bolzano
670,name=Larry,surname=Fox,height=182,age=41,city=Verona
671,name=Jason,height=173,age=31,city=Bolzano
672,name=Beth,city=Venezia
673,name=Michael,height=188,age=34
674,surname=Rodgers,age=39
675,name=Stephanie,height=173
676,surname=Rich
677,name=Katherine,surname=Villanueva
678,name=James,city=Trento
679,age=49,city=Trento
680,name=Stephanie,city=Rovereto
681,age=31
682,name=James,height=188
683,name=Katherine,surname=Fox,city=Bolzano
684,name=Stephanie,surname=Villanueva,height=188,age=44,city=Verona
685,name=Stephanie,surname=Rich,age=45
686,name=Katherine,surname=Oneill,height=182,age=42,city=Verona
687,height=188,age=48
688,name=James,surname=Fox,city=Milano
689,age=48
690,city=Brescia
691,city=Milano
692,city=Milano
693,name=Larry,height=182,age=45
694,age=48,city=Bolzano
695,surname=Snyder,age=39,city=Trento
696,age=49
697,name=James,age=49,city=Rovereto
698,name=James,city=Bolzano
699,name=Dawn
700,name=Jason,surname=Villanueva,height=188,city=Bolzano
701,name=Jason,surname=Snyder,height=182,city=Venezia
702,name=Dawn,surname=Villanueva,height=173,age=39,city=Milano
703,name=Dawn,city=Torino
704,name=Jason,height=152,city=Bolzano
705,name=Beth,height=161,age=49,city=Rovereto
706,name=Larry,age=41
707,surname=Garrett,height=150,city=Verona
708,name=John,age=31
709,name=Dawn
710,name=Katherine,surname=Rich
711,name=Stephanie,surname=Snyder,age=39,city=Bolzano
712,name=Dawn,surname=Atkins,height=173,age=36,city=Bologna
713,age=34,city=Trento
714,age=36,city=Bolzano
715,name=James,height=157,city=Milano
716,surname=Rice,city=Venezia
717,name=Katherine,surname=Rodgers,age=36,city=Verona
718,height=169
719,age=45,city=Bolzano
720,name=Michael,height=162,age=44
721,height=173,age=36,city=Verona
722,name=Stephanie,surname=Oneill,height=169,city=Verona
723,name=Larry,surname=Oneill,city=Bergamo
724,name=Dawn,surname=Oneill,age=34
725,name=James,height=161,age=42,city=Rovereto
726,surname=Rodgers,height=188
727,name=Katherine,surname=Snyder,city=Bologna
728,name=Beth,city=Verona
729,age=42
730,name=James,age=42
731,surname=Rich,age=41,city=Brescia
732,surname=Rice,age=49,city=Bolzano
733,age=31,city=Torino
734,name=Erica
735,name=John,height=188,age=36
736,surname=Rice
737,name=Katherine,surname=Rodgers,height=177
738,name=Jason,surname=Villanueva,age=48,city=Torino
739,name=John
740,age=42,city=Verona
741,name=Katherine,surname=Fox,height=169,age=39
742,name=Stephanie,age=41
743,age=36,city=Brescia
744,age=42,city=Torino
745,height=173,age=48
746,surname=Garrett
747,name=Erica
748,name=Larry,age=31
749,name=Michael,height=150,city=Bologna
750,city=Rovereto
751,name=Beth,age=44
752,name=Michael,age=39,city=Bolzano
753,height=162
754,name=Larry,surname=Atkins,age=48
755,surname=Oneill
756,age=34,city=Milano
757,surname=Oneill,city=Brescia
758,height=152,age=49,city=Milano
759,city=Verona
760,name=Erica,age=34,city=Bolzano
761,name=John,surname=Atkins,height=162,age=41,city=Torino
762,surname=Oneill,height=188,city=Torino
763,name=Katherine,surname=Rodgers,city=Trento
764,name=Michael,age=36
765,age=36
766,name=James,city=Trento
767,surname=Fox,height=162,age=44
768,city=Milano
769,name=Michael,surname=Rodgers,height=182,age=39
770,surname=Rodgers,height=182,city=Bergamo
771,surname=Atkins
772,surname=Rice,age=44,city=Venezia
773,name=Beth,surname=Garrett,age=31
774,name=Katherine,height=157,city=Milano
775,name=John,height=152
776,surname=Garrett,age=31
777,name=Erica,surname=Rice,height=182,age=44,city=Brescia
778,city=Venezia
779,name=Erica,height=161,age=36,city=Bergamo
780,name=Katherine,surname=Villanueva,age=36,city=Verona
781,surname=Lopez
782,age=36
783,name=Larry
784,name=Dawn,city=Trento
785,age=41,city=Trento
786,surname=Atkins,height=173,age=49
787,name=Jason,surname=Garrett,height=152
788,name=Katherine,height=177
789,name=Stephanie,surname=Villanueva
790,height=188
791,name=Beth,height=177,age=42
792,surname=Garrett,age=49
793,age=34
794,name=John,city=Rovereto
795,height=188,city=Torino
796,name=James,age=31
797,surname=Fox,age=48
798,city=Brescia
799,name=Katherine,age=45
